Playlist Title,Video URL
October 2024 General Conference,https://www.youtube.com/watch?v=9t8zdkO9abE
October 2024 General Conference,https://www.youtube.com/watch?v=ZBIPjrZIynI
October 2024 General Conference,https://www.youtube.com/watch?v=vB_sbrFVHU8
October 2024 General Conference,https://www.youtube.com/watch?v=-i9VXdqM9yU
October 2024 General Conference,https://www.youtube.com/watch?v=xtVqecb1Pbg
October 2024 General Conference,https://www.youtube.com/watch?v=RF9iHb4WTBY
October 2024 General Conference,https://www.youtube.com/watch?v=cZJhSpn-Rn4
October 2024 General Conference,https://www.youtube.com/watch?v=u0lBD8NbzqY
October 2024 General Conference,https://www.youtube.com/watch?v=TTK0x3WqQH4
October 2024 General Conference,https://www.youtube.com/watch?v=XtM8E9XqUug
October 2024 General Conference,https://www.youtube.com/watch?v=sBMgUFueU8U
October 2024 General Conference,https://www.youtube.com/watch?v=8F8yUk5c19I
October 2024 General Conference,https://www.youtube.com/watch?v=7l-glbPHiZo
October 2024 General Conference,https://www.youtube.com/watch?v=EtEUZShRans
October 2024 General Conference,https://www.youtube.com/watch?v=x3XOwzwUQ9c
October 2024 General Conference,https://www.youtube.com/watch?v=YNJfwqKybFY
October 2024 General Conference,https://www.youtube.com/watch?v=3Iw5qoJqwaY
October 2024 General Conference,https://www.youtube.com/watch?v=DTQdmOoXFek
October 2024 General Conference,https://www.youtube.com/watch?v=1ODnMNkj9nk
October 2024 General Conference,https://www.youtube.com/watch?v=ivG-RrRKfHs
October 2024 General Conference,https://www.youtube.com/watch?v=hEDn7DCnaZQ
October 2024 General Conference,https://www.youtube.com/watch?v=wIstotg77D0
October 2024 General Conference,https://www.youtube.com/watch?v=3oMMXJJaYjg
October 2024 General Conference,https://www.youtube.com/watch?v=l6--22iyTHk
October 2024 General Conference,https://www.youtube.com/watch?v=aN9SbkNYvDA
October 2024 General Conference,https://www.youtube.com/watch?v=wO_zZtt0Nmc
October 2024 General Conference,https://www.youtube.com/watch?v=tdWdAhzLCQY
October 2024 General Conference,https://www.youtube.com/watch?v=xMX2hZ8nEZU
October 2024 General Conference,https://www.youtube.com/watch?v=WkygZI6ufmc
October 2024 General Conference,https://www.youtube.com/watch?v=D6yyIVz2-WA
October 2024 General Conference,https://www.youtube.com/watch?v=v36aEQk3SJQ
October 2024 General Conference,https://www.youtube.com/watch?v=MBM6-Yc3ttQ
October 2024 General Conference,https://www.youtube.com/watch?v=H7EcrO_yZf8
October 2024 General Conference,https://www.youtube.com/watch?v=EVOBVRdduuM
October 2024 General Conference,https://www.youtube.com/watch?v=UYZmHP1hKvs
October 2024 General Conference,https://www.youtube.com/watch?v=azS1jETbWWc
October 2024 General Conference,https://www.youtube.com/watch?v=xytIpnq74Jg
October 2024 General Conference,https://www.youtube.com/watch?v=XY8HBWpANZ8
October 2024 General Conference,https://www.youtube.com/watch?v=NyhvRPaBjUA
October 2024 General Conference,https://www.youtube.com/watch?v=gV0uA3a_eIU
April 2024 General Conference,https://www.youtube.com/watch?v=nD8gGZzHZ7Y
April 2024 General Conference,https://www.youtube.com/watch?v=ogyHX-OniUw
April 2024 General Conference,https://www.youtube.com/watch?v=MbjYSRWJ_xM
April 2024 General Conference,https://www.youtube.com/watch?v=g_j2tlBR_F0
April 2024 General Conference,https://www.youtube.com/watch?v=goFV4KE5h7w
April 2024 General Conference,https://www.youtube.com/watch?v=uG3X2W1RTKM
April 2024 General Conference,https://www.youtube.com/watch?v=-P7CuZnd2iU
April 2024 General Conference,https://www.youtube.com/watch?v=GBvg8jzET2M
April 2024 General Conference,https://www.youtube.com/watch?v=RywZ0ASwjxw
April 2024 General Conference,https://www.youtube.com/watch?v=oSLZE0rm2Pg
April 2024 General Conference,https://www.youtube.com/watch?v=AqErW91q2bk
April 2024 General Conference,https://www.youtube.com/watch?v=_vW-xPS2cRg
April 2024 General Conference,https://www.youtube.com/watch?v=SEysqbXTGPc
April 2024 General Conference,https://www.youtube.com/watch?v=pv62YbX9s3U
April 2024 General Conference,https://www.youtube.com/watch?v=D1PqxXrjsx4
April 2024 General Conference,https://www.youtube.com/watch?v=FFLJsXHyJlI
April 2024 General Conference,https://www.youtube.com/watch?v=41YjgqYYYPg
April 2024 General Conference,https://www.youtube.com/watch?v=K7x4VsjguH8
April 2024 General Conference,https://www.youtube.com/watch?v=AS9VCZfjvGg
April 2024 General Conference,https://www.youtube.com/watch?v=i-TcwOy3d5A
April 2024 General Conference,https://www.youtube.com/watch?v=T4K21FkZUk0
April 2024 General Conference,https://www.youtube.com/watch?v=VO6-8XKLeQA
April 2024 General Conference,https://www.youtube.com/watch?v=ZLUKNAr3aQY
April 2024 General Conference,https://www.youtube.com/watch?v=1p5pbCyvKvg
April 2024 General Conference,https://www.youtube.com/watch?v=e-1GkugxeYI
April 2024 General Conference,https://www.youtube.com/watch?v=2cDCCtMFz_Y
April 2024 General Conference,https://www.youtube.com/watch?v=hwX_55xyaeQ
April 2024 General Conference,https://www.youtube.com/watch?v=HMtAger9Xpo
April 2024 General Conference,https://www.youtube.com/watch?v=Bm7DMB4ZbGg
April 2024 General Conference,https://www.youtube.com/watch?v=tG-pqInxWz8
April 2024 General Conference,https://www.youtube.com/watch?v=8vO9NabNGHE
April 2024 General Conference,https://www.youtube.com/watch?v=A7oiCFnlLr4
April 2024 General Conference,https://www.youtube.com/watch?v=J0NxCrsM2jQ
April 2024 General Conference,https://www.youtube.com/watch?v=MPkSXESbq3U
April 2024 General Conference,https://www.youtube.com/watch?v=Uecj8id35YM
April 2024 General Conference,https://www.youtube.com/watch?v=nGV6gljfLKQ
April 2024 General Conference,https://www.youtube.com/watch?v=XmsLOCQEBcg
April 2024 General Conference,https://www.youtube.com/watch?v=PllUy4BIqlM
April 2024 General Conference,https://www.youtube.com/watch?v=yYKV63gMMKc
October 2023 General Conference,https://www.youtube.com/watch?v=zzx6GYH95zw
October 2023 General Conference,https://www.youtube.com/watch?v=6fqW0SSbsOI
October 2023 General Conference,https://www.youtube.com/watch?v=d8g8tQbEwB0
October 2023 General Conference,https://www.youtube.com/watch?v=7KQ0joPtm1E
October 2023 General Conference,https://www.youtube.com/watch?v=3CecgTs6d6A
October 2023 General Conference,https://www.youtube.com/watch?v=ZGRUj1DXbjI
October 2023 General Conference,https://www.youtube.com/watch?v=1gk4isTFZaA
October 2023 General Conference,https://www.youtube.com/watch?v=o-Ts8kOpipQ
October 2023 General Conference,https://www.youtube.com/watch?v=fPaD8DPS-1Y
October 2023 General Conference,https://www.youtube.com/watch?v=NrD_1Vzl5tc
October 2023 General Conference,https://www.youtube.com/watch?v=rme0RvVUxco
October 2023 General Conference,https://www.youtube.com/watch?v=jvg-DtbSMqU
October 2023 General Conference,https://www.youtube.com/watch?v=gkjuPiaPPdc
October 2023 General Conference,https://www.youtube.com/watch?v=TqeElNT7Nb4
October 2023 General Conference,https://www.youtube.com/watch?v=xJUoPGf4DFM
October 2023 General Conference,https://www.youtube.com/watch?v=WUQ2tpOEWNk
October 2023 General Conference,https://www.youtube.com/watch?v=ZmELZiBibno
October 2023 General Conference,https://www.youtube.com/watch?v=XqEFBneRjoE
October 2023 General Conference,https://www.youtube.com/watch?v=jaPjabZrhus
October 2023 General Conference,https://www.youtube.com/watch?v=rNgxrDfh35U
October 2023 General Conference,https://www.youtube.com/watch?v=lgcOJSiAISY
October 2023 General Conference,https://www.youtube.com/watch?v=Chu1DCImOgg
October 2023 General Conference,https://www.youtube.com/watch?v=OhIe0ATxi3k
October 2023 General Conference,https://www.youtube.com/watch?v=VTM5FY0sm_s
October 2023 General Conference,https://www.youtube.com/watch?v=OwSkU8hLito
October 2023 General Conference,https://www.youtube.com/watch?v=HLN8Gyd84to
October 2023 General Conference,https://www.youtube.com/watch?v=CXalsYco2fc
October 2023 General Conference,https://www.youtube.com/watch?v=NILmizHm3BY
October 2023 General Conference,https://www.youtube.com/watch?v=IK5a-ApWlRg
October 2023 General Conference,https://www.youtube.com/watch?v=RJwejkBdPwE
October 2023 General Conference,https://www.youtube.com/watch?v=F9tjoHrbNUA
October 2023 General Conference,https://www.youtube.com/watch?v=t3Shr-2jhqk
October 2023 General Conference,https://www.youtube.com/watch?v=nQN2NhdPXSk
October 2023 General Conference,https://www.youtube.com/watch?v=7cvdSbU1dPY
October 2023 General Conference,https://www.youtube.com/watch?v=03qBhjN3jCk
October 2023 General Conference,https://www.youtube.com/watch?v=YudKTRAv-ck
October 2023 General Conference,https://www.youtube.com/watch?v=xhF7HygJpaI
October 2023 General Conference,https://www.youtube.com/watch?v=ZghD9LplPug
April 2023 General Conference,https://www.youtube.com/watch?v=vXqR-96h75g
April 2023 General Conference,https://www.youtube.com/watch?v=KvEytAwvz1I
April 2023 General Conference,https://www.youtube.com/watch?v=s3X2OzwIM_w
April 2023 General Conference,https://www.youtube.com/watch?v=l9freQw16qY
April 2023 General Conference,https://www.youtube.com/watch?v=eLplozLahP4
April 2023 General Conference,https://www.youtube.com/watch?v=I2lW7MswivM
April 2023 General Conference,https://www.youtube.com/watch?v=O0jTa8FG7A8
April 2023 General Conference,https://www.youtube.com/watch?v=0H590MhqBds
April 2023 General Conference,https://www.youtube.com/watch?v=B0r5O4MONT4
April 2023 General Conference,https://www.youtube.com/watch?v=RTwjr_E40wg
April 2023 General Conference,https://www.youtube.com/watch?v=LdEOjDpjUA0
April 2023 General Conference,https://www.youtube.com/watch?v=Rb0NCapj8Ok
April 2023 General Conference,https://www.youtube.com/watch?v=fnbGPy4ToKE
April 2023 General Conference,https://www.youtube.com/watch?v=OTJF3Hcg7oM
April 2023 General Conference,https://www.youtube.com/watch?v=4v21kzPOfqE
April 2023 General Conference,https://www.youtube.com/watch?v=Yrnl6t7VKjY
April 2023 General Conference,https://www.youtube.com/watch?v=JQO_CABjhas
April 2023 General Conference,https://www.youtube.com/watch?v=6AEiiYjA_YA
April 2023 General Conference,https://www.youtube.com/watch?v=u99QtyXrfmk
April 2023 General Conference,https://www.youtube.com/watch?v=_831HTDL4t0
April 2023 General Conference,https://www.youtube.com/watch?v=vCRj1UXb--s
April 2023 General Conference,https://www.youtube.com/watch?v=oiD2YNPEMRU
April 2023 General Conference,https://www.youtube.com/watch?v=QJCmHyAh5Vk
April 2023 General Conference,https://www.youtube.com/watch?v=xQcasb_RoYI
April 2023 General Conference,https://www.youtube.com/watch?v=WQwObipvTJc
April 2023 General Conference,https://www.youtube.com/watch?v=0yZ103m1KgE
April 2023 General Conference,https://www.youtube.com/watch?v=nmd9-jIdoHQ
April 2023 General Conference,https://www.youtube.com/watch?v=adEyzv6KM98
April 2023 General Conference,https://www.youtube.com/watch?v=TSmP5tnSevI
April 2023 General Conference,https://www.youtube.com/watch?v=KW8MJvc6BaY
April 2023 General Conference,https://www.youtube.com/watch?v=vQghSMOOYz4
April 2023 General Conference,https://www.youtube.com/watch?v=ChyrNrTF1hk
April 2023 General Conference,https://www.youtube.com/watch?v=5x8aO3-UpYY
April 2023 General Conference,https://www.youtube.com/watch?v=xbztWViiRqg
April 2023 General Conference,https://www.youtube.com/watch?v=eT88mhxJS78
April 2023 General Conference,https://www.youtube.com/watch?v=gWYXk_7uLbU
April 2023 General Conference,https://www.youtube.com/watch?v=lqdSxuhREwU
April 2023 General Conference,https://www.youtube.com/watch?v=tYdM8WyYM-c
April 2023 General Conference,https://www.youtube.com/watch?v=u2MRApP9pSE
April 2023 General Conference,https://www.youtube.com/watch?v=DaLEnQEgTuM
October 2022 General Conference,https://www.youtube.com/watch?v=k17s5HhlpIk
October 2022 General Conference,https://www.youtube.com/watch?v=e3MAalwfhRQ
October 2022 General Conference,https://www.youtube.com/watch?v=NeGahpbTmHY
October 2022 General Conference,https://www.youtube.com/watch?v=kMHSWQy2KOE
October 2022 General Conference,https://www.youtube.com/watch?v=JmaTDU0rnZc
October 2022 General Conference,https://www.youtube.com/watch?v=0MYjDwpP-zU
October 2022 General Conference,https://www.youtube.com/watch?v=CrFy0RWlsuM
October 2022 General Conference,https://www.youtube.com/watch?v=mdxo1Sw3_wI
October 2022 General Conference,https://www.youtube.com/watch?v=vdap5ZtjBWY
October 2022 General Conference,https://www.youtube.com/watch?v=rBBBUrEHoE8
October 2022 General Conference,https://www.youtube.com/watch?v=lYDOSbH3hZE
October 2022 General Conference,https://www.youtube.com/watch?v=5DW7sEUbxes
October 2022 General Conference,https://www.youtube.com/watch?v=w9oU3NtD7ag
October 2022 General Conference,https://www.youtube.com/watch?v=8MRDkf8mi9c
October 2022 General Conference,https://www.youtube.com/watch?v=VE87UHm2Pok
October 2022 General Conference,https://www.youtube.com/watch?v=lhH50o-D-tA
October 2022 General Conference,https://www.youtube.com/watch?v=a6mwa-vk_3o
October 2022 General Conference,https://www.youtube.com/watch?v=9jW9iiSaFvk
October 2022 General Conference,https://www.youtube.com/watch?v=OxmK_gM-Uy8
October 2022 General Conference,https://www.youtube.com/watch?v=eSO86E4dEhM
October 2022 General Conference,https://www.youtube.com/watch?v=BNfILPCnl-M
October 2022 General Conference,https://www.youtube.com/watch?v=Vh6O2LjQHWw
October 2022 General Conference,https://www.youtube.com/watch?v=vKww5cOvqIk
October 2022 General Conference,https://www.youtube.com/watch?v=Gm6anLN4XYU
October 2022 General Conference,https://www.youtube.com/watch?v=-JLTz8YwR8g
October 2022 General Conference,https://www.youtube.com/watch?v=U01sQ2tEVhY
October 2022 General Conference,https://www.youtube.com/watch?v=MqFzg-vVuJc
October 2022 General Conference,https://www.youtube.com/watch?v=uEQXVvBmUOo
October 2022 General Conference,https://www.youtube.com/watch?v=ZBhtr8CVoFg
October 2022 General Conference,https://www.youtube.com/watch?v=6CTPjcPpTNk
October 2022 General Conference,https://www.youtube.com/watch?v=U_96DNRQ_38
October 2022 General Conference,https://www.youtube.com/watch?v=RFKePsgTNg0
October 2022 General Conference,https://www.youtube.com/watch?v=FqtLqoSZYXM
October 2022 General Conference,https://www.youtube.com/watch?v=tM242L6graw
October 2022 General Conference,https://www.youtube.com/watch?v=Y2IQrtG16-w
October 2022 General Conference,https://www.youtube.com/watch?v=a_4PDYiQ-nE
October 2022 General Conference,https://www.youtube.com/watch?v=bv-cAGhD91o
October 2022 General Conference,https://www.youtube.com/watch?v=VxgS2qf8xuQ
October 2022 General Conference,https://www.youtube.com/watch?v=8j9DUgSQAl8
October 2022 General Conference,https://www.youtube.com/watch?v=Ptucy8AfK2M
October 2022 General Conference,https://www.youtube.com/watch?v=5dZGaaE0rtY
April 2022 General Conference,https://www.youtube.com/watch?v=8YQgH8tkzEA
April 2022 General Conference,https://www.youtube.com/watch?v=EaF-c4uSTOg
April 2022 General Conference,https://www.youtube.com/watch?v=Lu0fRJS6NmQ
April 2022 General Conference,https://www.youtube.com/watch?v=7y7gA8nAGnY
April 2022 General Conference,https://www.youtube.com/watch?v=WYadwZ5PgNI
April 2022 General Conference,https://www.youtube.com/watch?v=5-Oq2otJ5Qg
April 2022 General Conference,https://www.youtube.com/watch?v=xhpc0iCWaxQ
April 2022 General Conference,https://www.youtube.com/watch?v=kDux55algAQ
April 2022 General Conference,https://www.youtube.com/watch?v=t7qLTa3j00c
April 2022 General Conference,https://www.youtube.com/watch?v=SXsyfRScnT0
April 2022 General Conference,https://www.youtube.com/watch?v=qL7cvrAbuU0
April 2022 General Conference,https://www.youtube.com/watch?v=LCCh2zhwicg
April 2022 General Conference,https://www.youtube.com/watch?v=nKAGTJIPTyQ
April 2022 General Conference,https://www.youtube.com/watch?v=qn3YJ2F8xMc
April 2022 General Conference,https://www.youtube.com/watch?v=ttKZXMRPZCc
April 2022 General Conference,https://www.youtube.com/watch?v=3a5IM64MDqQ
April 2022 General Conference,https://www.youtube.com/watch?v=rLItG7EeUaI
April 2022 General Conference,https://www.youtube.com/watch?v=5-kslylmwXs
April 2022 General Conference,https://www.youtube.com/watch?v=gACOL5e2uIA
April 2022 General Conference,https://www.youtube.com/watch?v=alf2fmtsllA
April 2022 General Conference,https://www.youtube.com/watch?v=vOYUcHIJyjQ
April 2022 General Conference,https://www.youtube.com/watch?v=mABxMmvt-AU
April 2022 General Conference,https://www.youtube.com/watch?v=iVeLLCr9GTY
April 2022 General Conference,https://www.youtube.com/watch?v=FtEGSxFyQ-c
April 2022 General Conference,https://www.youtube.com/watch?v=14O8wYdepPU
April 2022 General Conference,https://www.youtube.com/watch?v=ygSipBAqL_E
April 2022 General Conference,https://www.youtube.com/watch?v=eDMQJfVNumo
April 2022 General Conference,https://www.youtube.com/watch?v=YI0PbbKJVXo
April 2022 General Conference,https://www.youtube.com/watch?v=LnzjClqew7Y
April 2022 General Conference,https://www.youtube.com/watch?v=1J9dEPTVU78
April 2022 General Conference,https://www.youtube.com/watch?v=39jE71RFeis
April 2022 General Conference,https://www.youtube.com/watch?v=Rf-zQDYKee0
April 2022 General Conference,https://www.youtube.com/watch?v=SJZsDz1lxv4
April 2022 General Conference,https://www.youtube.com/watch?v=BhcASugzEJ8
April 2022 General Conference,https://www.youtube.com/watch?v=B9_1MO3DcAc
April 2022 General Conference,https://www.youtube.com/watch?v=NUSAQ--8bvw
April 2022 General Conference,https://www.youtube.com/watch?v=HBv8FCzGBNQ
April 2022 General Conference,https://www.youtube.com/watch?v=AgqmJ5jurL8
April 2022 General Conference,https://www.youtube.com/watch?v=wmbhX536Uek
April 2022 General Conference,https://www.youtube.com/watch?v=nW0nUpQdfgM
April 2022 General Conference,https://www.youtube.com/watch?v=ynAfwRdoyxE
April 2022 General Conference,https://www.youtube.com/watch?v=9poNTZJ4RYU
October 2021 General Conference,https://www.youtube.com/watch?v=XDT9_CRnWpo
October 2021 General Conference,https://www.youtube.com/watch?v=UbfO8N-C4IQ
October 2021 General Conference,https://www.youtube.com/watch?v=jBqtxDpoYnE
October 2021 General Conference,https://www.youtube.com/watch?v=-9cb7wrmnQA
October 2021 General Conference,https://www.youtube.com/watch?v=EFb20ThGJnU
October 2021 General Conference,https://www.youtube.com/watch?v=IcIzmkNsuuo
October 2021 General Conference,https://www.youtube.com/watch?v=G_tPHZ9G5WA
October 2021 General Conference,https://www.youtube.com/watch?v=KUtjADlYOpw
October 2021 General Conference,https://www.youtube.com/watch?v=aChWyYI8EAw
October 2021 General Conference,https://www.youtube.com/watch?v=n33wKkePmbg
October 2021 General Conference,https://www.youtube.com/watch?v=vb9BkYmzPZc
October 2021 General Conference,https://www.youtube.com/watch?v=qVJgqlEn8Bo
October 2021 General Conference,https://www.youtube.com/watch?v=wDg05LUNUeA
October 2021 General Conference,https://www.youtube.com/watch?v=rRXh-Y7N-rU
October 2021 General Conference,https://www.youtube.com/watch?v=2uM5BlPhi6M
October 2021 General Conference,https://www.youtube.com/watch?v=dy0bk3fY40M
October 2021 General Conference,https://www.youtube.com/watch?v=tW82p2rZ5wc
October 2021 General Conference,https://www.youtube.com/watch?v=212HV215Elc
October 2021 General Conference,https://www.youtube.com/watch?v=a2JUkZxuP-Y
October 2021 General Conference,https://www.youtube.com/watch?v=OicYLKqPvJo
October 2021 General Conference,https://www.youtube.com/watch?v=eIsuQ-VVrJE
October 2021 General Conference,https://www.youtube.com/watch?v=Wd_S8DWuxYg
October 2021 General Conference,https://www.youtube.com/watch?v=BIz0iN4tZjs
October 2021 General Conference,https://www.youtube.com/watch?v=45mWXvxRC2I
October 2021 General Conference,https://www.youtube.com/watch?v=pRyajI9Hjjo
October 2021 General Conference,https://www.youtube.com/watch?v=8peI8JKU4yc
October 2021 General Conference,https://www.youtube.com/watch?v=eOAbNTW3Y4o
October 2021 General Conference,https://www.youtube.com/watch?v=zF4SLeUAKbk
October 2021 General Conference,https://www.youtube.com/watch?v=Jp0at9jwvQQ
October 2021 General Conference,https://www.youtube.com/watch?v=HJQKfBC7ccs
October 2021 General Conference,https://www.youtube.com/watch?v=qpLbFrcp1Ns
October 2021 General Conference,https://www.youtube.com/watch?v=VHluieNoE7U
October 2021 General Conference,https://www.youtube.com/watch?v=Qlqt6JvK81Q
October 2021 General Conference,https://www.youtube.com/watch?v=b-1KPnq1Rd4
October 2021 General Conference,https://www.youtube.com/watch?v=_ZiNnsmxr4Y
October 2021 General Conference,https://www.youtube.com/watch?v=BCSJ9Q4GdQQ
October 2021 General Conference,https://www.youtube.com/watch?v=ffnb6b6nxNs
October 2021 General Conference,https://www.youtube.com/watch?v=G_TYi_hwr9c
October 2021 General Conference,https://www.youtube.com/watch?v=l898FyD8rbA
October 2021 General Conference,https://www.youtube.com/watch?v=zodzgwEWYUE
October 2021 General Conference,https://www.youtube.com/watch?v=LIYfPu-c0ak
October 2021 General Conference,https://www.youtube.com/watch?v=fTDeO0kH-5A
October 2021 General Conference,https://www.youtube.com/watch?v=afw7RM-u-zY
October 2021 General Conference,https://www.youtube.com/watch?v=1S-UC6xnD8Q
October 2021 General Conference,https://www.youtube.com/watch?v=-LmtdICx7Hw
April 2021 General Conference,https://www.youtube.com/watch?v=Qt2jW5JBtwI
April 2021 General Conference,https://www.youtube.com/watch?v=Jd7kpHyCfdw
April 2021 General Conference,https://www.youtube.com/watch?v=AiP5Z9YgOVI
April 2021 General Conference,https://www.youtube.com/watch?v=FPpTHDye3IY
April 2021 General Conference,https://www.youtube.com/watch?v=dZ4P3UAZWxs
April 2021 General Conference,https://www.youtube.com/watch?v=_Ul2BRIFZbc
April 2021 General Conference,https://www.youtube.com/watch?v=kP52_IPQL60
April 2021 General Conference,https://www.youtube.com/watch?v=MMvpsygYMIA
April 2021 General Conference,https://www.youtube.com/watch?v=I9AvZPOwKZc
April 2021 General Conference,https://www.youtube.com/watch?v=xAJVjaKxA6k
April 2021 General Conference,https://www.youtube.com/watch?v=nBIcDAcrQWE
April 2021 General Conference,https://www.youtube.com/watch?v=bES4yLDyxGI
April 2021 General Conference,https://www.youtube.com/watch?v=8kBZQAI_FTQ
April 2021 General Conference,https://www.youtube.com/watch?v=e7Ijd-g58b4
April 2021 General Conference,https://www.youtube.com/watch?v=3mzj-gBeAZg
April 2021 General Conference,https://www.youtube.com/watch?v=xSY13iEeeDM
April 2021 General Conference,https://www.youtube.com/watch?v=mkU91VDTAFE
April 2021 General Conference,https://www.youtube.com/watch?v=O7n9K9YYb6E
April 2021 General Conference,https://www.youtube.com/watch?v=QcIUaPJdqeE
April 2021 General Conference,https://www.youtube.com/watch?v=XnzmkJIguqM
April 2021 General Conference,https://www.youtube.com/watch?v=1vj4DijV2l8
April 2021 General Conference,https://www.youtube.com/watch?v=DzhPoRLzTwU
April 2021 General Conference,https://www.youtube.com/watch?v=KbEYS0V1wTg
April 2021 General Conference,https://www.youtube.com/watch?v=YfYU2rR2PkI
April 2021 General Conference,https://www.youtube.com/watch?v=-VGCEQLzITk
April 2021 General Conference,https://www.youtube.com/watch?v=ljVwgNGDq5U
April 2021 General Conference,https://www.youtube.com/watch?v=y3QMuYicVnQ
April 2021 General Conference,https://www.youtube.com/watch?v=z5xiS_WKsm8
April 2021 General Conference,https://www.youtube.com/watch?v=4NhzPuNcGkA
April 2021 General Conference,https://www.youtube.com/watch?v=YByAuuyzxAw
April 2021 General Conference,https://www.youtube.com/watch?v=v82FvnlLrJI
April 2021 General Conference,https://www.youtube.com/watch?v=VjgbMFpaj-E
April 2021 General Conference,https://www.youtube.com/watch?v=1J7JTsMqJsY
April 2021 General Conference,https://www.youtube.com/watch?v=aUsBX-A6UJk
April 2021 General Conference,https://www.youtube.com/watch?v=ELmbCr_5n30
April 2021 General Conference,https://www.youtube.com/watch?v=ep9RLEJhZAc
April 2021 General Conference,https://www.youtube.com/watch?v=GiwKnKtOESk
April 2021 General Conference,https://www.youtube.com/watch?v=KPDq8eKnhd0
April 2021 General Conference,https://www.youtube.com/watch?v=mfyGmHbla7A
April 2021 General Conference,https://www.youtube.com/watch?v=H4VzqqhyhEk
April 2021 General Conference,https://www.youtube.com/watch?v=3IlFD5_fnEc
October 2020 General Conference,https://www.youtube.com/watch?v=gsgTiPYMYe8
October 2020 General Conference,https://www.youtube.com/watch?v=0UE6g1RkHks
October 2020 General Conference,https://www.youtube.com/watch?v=-UUJqQCK7QM
October 2020 General Conference,https://www.youtube.com/watch?v=rRe3fgNfkcY
October 2020 General Conference,https://www.youtube.com/watch?v=nEHfIgZgpM8
October 2020 General Conference,https://www.youtube.com/watch?v=1MRSyzI_nBI
October 2020 General Conference,https://www.youtube.com/watch?v=wlKjFLBB1LA
October 2020 General Conference,https://www.youtube.com/watch?v=fiMCvmenrdQ
October 2020 General Conference,https://www.youtube.com/watch?v=0EeH1Z_aS_4
October 2020 General Conference,https://www.youtube.com/watch?v=owViHeh323U
October 2020 General Conference,https://www.youtube.com/watch?v=KS3iK9mr40M
October 2020 General Conference,https://www.youtube.com/watch?v=IQ7G9jplAM8
October 2020 General Conference,https://www.youtube.com/watch?v=rB8OYnLVxcw
October 2020 General Conference,https://www.youtube.com/watch?v=LKXEwQAUbtQ
October 2020 General Conference,https://www.youtube.com/watch?v=acFyDX9c5tY
October 2020 General Conference,https://www.youtube.com/watch?v=edME0lNWY-k
October 2020 General Conference,https://www.youtube.com/watch?v=-3qVFFGPX8M
October 2020 General Conference,https://www.youtube.com/watch?v=A1cAdrsCmM8
October 2020 General Conference,https://www.youtube.com/watch?v=BPCPXTFBpew
October 2020 General Conference,https://www.youtube.com/watch?v=Z4lxHjqKa3g
October 2020 General Conference,https://www.youtube.com/watch?v=ohevr3h53mM
October 2020 General Conference,https://www.youtube.com/watch?v=eMqOZhkKd8k
October 2020 General Conference,https://www.youtube.com/watch?v=Ah7JUaReUPY
October 2020 General Conference,https://www.youtube.com/watch?v=hVDZXb4eTR8
October 2020 General Conference,https://www.youtube.com/watch?v=C4m2bAGhzJY
October 2020 General Conference,https://www.youtube.com/watch?v=n3tGfCMqhL4
October 2020 General Conference,https://www.youtube.com/watch?v=yx0Krr_VOQ4
October 2020 General Conference,https://www.youtube.com/watch?v=GaG7cIfL_-E
October 2020 General Conference,https://www.youtube.com/watch?v=6kN6mgNduQo
October 2020 General Conference,https://www.youtube.com/watch?v=uENiXqlTQkI
October 2020 General Conference,https://www.youtube.com/watch?v=NxJ-CDQBfdE
October 2020 General Conference,https://www.youtube.com/watch?v=Cvi26uvJkiw
October 2020 General Conference,https://www.youtube.com/watch?v=9ZliK5s_07k
October 2020 General Conference,https://www.youtube.com/watch?v=5_C18uVh0s8
October 2020 General Conference,https://www.youtube.com/watch?v=FxKKrvzuWYI
October 2020 General Conference,https://www.youtube.com/watch?v=ND4NownsJbQ
October 2020 General Conference,https://www.youtube.com/watch?v=GYATpmfyRfM
October 2020 General Conference,https://www.youtube.com/watch?v=txsQosgktUQ
October 2020 General Conference,https://www.youtube.com/watch?v=1Vq73cpvHi0
October 2020 General Conference,https://www.youtube.com/watch?v=3DVpRFRFKME
October 2020 General Conference,https://www.youtube.com/watch?v=RX8BARa1v-Q
April 2020 General Conference,https://www.youtube.com/watch?v=E8Cvrfv0SVQ
April 2020 General Conference,https://www.youtube.com/watch?v=sJZ4JaCOIL8
April 2020 General Conference,https://www.youtube.com/watch?v=RcBHoTgg3Nc
April 2020 General Conference,https://www.youtube.com/watch?v=JMwkGYD3gMk
April 2020 General Conference,https://www.youtube.com/watch?v=GZ_dpngd2UA
April 2020 General Conference,https://www.youtube.com/watch?v=VFuPJRTaoRY
April 2020 General Conference,https://www.youtube.com/watch?v=i6rXaxHz760
April 2020 General Conference,https://www.youtube.com/watch?v=MjfM-Ev1cWY
April 2020 General Conference,https://www.youtube.com/watch?v=Fj3UEVTunXM
April 2020 General Conference,https://www.youtube.com/watch?v=sAfzbE78TVI
April 2020 General Conference,https://www.youtube.com/watch?v=JwlJCAKh1EA
April 2020 General Conference,https://www.youtube.com/watch?v=S-AzpYtXnUg
April 2020 General Conference,https://www.youtube.com/watch?v=XgHwMizELxk
April 2020 General Conference,https://www.youtube.com/watch?v=y_q6oCpXUHo
April 2020 General Conference,https://www.youtube.com/watch?v=UiaQ5Bse9vo
April 2020 General Conference,https://www.youtube.com/watch?v=kIGeECuOBTY
April 2020 General Conference,https://www.youtube.com/watch?v=xSrVbuQW0kU
April 2020 General Conference,https://www.youtube.com/watch?v=8iQRhR6hpkk
April 2020 General Conference,https://www.youtube.com/watch?v=pDNHmcSyjR8
April 2020 General Conference,https://www.youtube.com/watch?v=uFd57dLHOvM
April 2020 General Conference,https://www.youtube.com/watch?v=N9LxmUqPaZY
April 2020 General Conference,https://www.youtube.com/watch?v=9koruKB1KsQ
April 2020 General Conference,https://www.youtube.com/watch?v=M2jMCLlTb7M
April 2020 General Conference,https://www.youtube.com/watch?v=odw3lrqxZCs
April 2020 General Conference,https://www.youtube.com/watch?v=MRNIwciWnpY
April 2020 General Conference,https://www.youtube.com/watch?v=ISpz_c6o73k
April 2020 General Conference,https://www.youtube.com/watch?v=xHqQ_s0xXUc
April 2020 General Conference,https://www.youtube.com/watch?v=ebwEDVv50Jg
April 2020 General Conference,https://www.youtube.com/watch?v=TKs0ISgF_uc
April 2020 General Conference,https://www.youtube.com/watch?v=t8E8OUmr1R0
April 2020 General Conference,https://www.youtube.com/watch?v=xcFwHvqZ5do
April 2020 General Conference,https://www.youtube.com/watch?v=tMRm1NfpQYQ
April 2020 General Conference,https://www.youtube.com/watch?v=7NVnsmGlLNs
April 2020 General Conference,https://www.youtube.com/watch?v=MctlxebMbJk
April 2020 General Conference,https://www.youtube.com/watch?v=Qc4WSbVHqaA
April 2020 General Conference,https://www.youtube.com/watch?v=vZxhDPO6r28
April 2020 General Conference,https://www.youtube.com/watch?v=XcwNSPLD9Po
April 2020 General Conference,https://www.youtube.com/watch?v=i5nk4H6liFk
April 2020 General Conference,https://www.youtube.com/watch?v=k1N5XBTCHTI
April 2020 General Conference,https://www.youtube.com/watch?v=Zv6xuy1xP1s
October 2019 General Conference,https://www.youtube.com/watch?v=lP4h309SCUM
October 2019 General Conference,https://www.youtube.com/watch?v=t2muFL-k00E
October 2019 General Conference,https://www.youtube.com/watch?v=hvqfzSxXBTo
October 2019 General Conference,https://www.youtube.com/watch?v=V7e96ktMNX0
October 2019 General Conference,https://www.youtube.com/watch?v=-AKCvFbJOrU
October 2019 General Conference,https://www.youtube.com/watch?v=_MhxbLXniDw
October 2019 General Conference,https://www.youtube.com/watch?v=55WpivCMKS4
October 2019 General Conference,https://www.youtube.com/watch?v=iuiori0rb20
October 2019 General Conference,https://www.youtube.com/watch?v=hKz1YyMKuXI
October 2019 General Conference,https://www.youtube.com/watch?v=d9FIUUUQtZw
October 2019 General Conference,https://www.youtube.com/watch?v=irUw-ND06Zg
October 2019 General Conference,https://www.youtube.com/watch?v=d21HPsQ6fpU
October 2019 General Conference,https://www.youtube.com/watch?v=Ag-up80X8SA
October 2019 General Conference,https://www.youtube.com/watch?v=n49OhL-NbVY
October 2019 General Conference,https://www.youtube.com/watch?v=KJSWRXqOqfY
October 2019 General Conference,https://www.youtube.com/watch?v=TogCoxFGbE4
October 2019 General Conference,https://www.youtube.com/watch?v=UF70929yt-M
October 2019 General Conference,https://www.youtube.com/watch?v=iSjynGqcKNQ
October 2019 General Conference,https://www.youtube.com/watch?v=CY1KCG5dn8U
October 2019 General Conference,https://www.youtube.com/watch?v=bpcQoqDgXkg
October 2019 General Conference,https://www.youtube.com/watch?v=g9nc97pLKNc
October 2019 General Conference,https://www.youtube.com/watch?v=lPP6OND8MB4
October 2019 General Conference,https://www.youtube.com/watch?v=Rol38VJg300
October 2019 General Conference,https://www.youtube.com/watch?v=rRGlNxoY7rE
October 2019 General Conference,https://www.youtube.com/watch?v=zW1xC1mCqXs
October 2019 General Conference,https://www.youtube.com/watch?v=z2dXJAv23jA
October 2019 General Conference,https://www.youtube.com/watch?v=kia2UCu7pB8
October 2019 General Conference,https://www.youtube.com/watch?v=rsxWIHTXoOc
October 2019 General Conference,https://www.youtube.com/watch?v=ZZT0ClVk_fU
October 2019 General Conference,https://www.youtube.com/watch?v=-ofICIxAM-s
October 2019 General Conference,https://www.youtube.com/watch?v=aNEue2O0zbE
October 2019 General Conference,https://www.youtube.com/watch?v=gV4Xj_SLWes
October 2019 General Conference,https://www.youtube.com/watch?v=caC9SnEJ66w
October 2019 General Conference,https://www.youtube.com/watch?v=xQJ_OJ5c3xU
October 2019 General Conference,https://www.youtube.com/watch?v=6Yu1t6HDN_w
October 2019 General Conference,https://www.youtube.com/watch?v=3OUErV1NHsE
October 2019 General Conference,https://www.youtube.com/watch?v=ss5nP_rkCM0
October 2019 General Conference,https://www.youtube.com/watch?v=4uTPgOnUyK0
October 2019 General Conference,https://www.youtube.com/watch?v=oGB86XeZP-w
October 2019 General Conference,https://www.youtube.com/watch?v=n0zs9h7FatQ
April 2019 General Conference,https://www.youtube.com/watch?v=m9Toqz6aJs8
April 2019 General Conference,https://www.youtube.com/watch?v=myUzVyDun_g
April 2019 General Conference,https://www.youtube.com/watch?v=qQZP6-Pql1g
April 2019 General Conference,https://www.youtube.com/watch?v=VWf51VS_esU
April 2019 General Conference,https://www.youtube.com/watch?v=kGoZykrrTxc
April 2019 General Conference,https://www.youtube.com/watch?v=2wePsCfnyfA
April 2019 General Conference,https://www.youtube.com/watch?v=7O-0KLXPIBw
April 2019 General Conference,https://www.youtube.com/watch?v=iS9te9BWQVY
April 2019 General Conference,https://www.youtube.com/watch?v=Ev33szOTCto
April 2019 General Conference,https://www.youtube.com/watch?v=HE1_AZ7H7y0
April 2019 General Conference,https://www.youtube.com/watch?v=pVkmhsaz_ac
April 2019 General Conference,https://www.youtube.com/watch?v=WxhMS2FThUU
April 2019 General Conference,https://www.youtube.com/watch?v=npW39q3-5Fc
April 2019 General Conference,https://www.youtube.com/watch?v=bUYDbsYALy8
April 2019 General Conference,https://www.youtube.com/watch?v=y0NRF_KQs-g
April 2019 General Conference,https://www.youtube.com/watch?v=4c64Ty5KHWg
April 2019 General Conference,https://www.youtube.com/watch?v=8YUjVZbg6ic
April 2019 General Conference,https://www.youtube.com/watch?v=KRYUvsLlTsg
April 2019 General Conference,https://www.youtube.com/watch?v=AlRpT7GcrVo
April 2019 General Conference,https://www.youtube.com/watch?v=j09JCxm8WUQ
April 2019 General Conference,https://www.youtube.com/watch?v=4Yr1KbiXekM
April 2019 General Conference,https://www.youtube.com/watch?v=mC1DF7qJ464
April 2019 General Conference,https://www.youtube.com/watch?v=SJQB33mPw_o
April 2019 General Conference,https://www.youtube.com/watch?v=NtEaBti7wXo
April 2019 General Conference,https://www.youtube.com/watch?v=mzh8v6EXoNQ
April 2019 General Conference,https://www.youtube.com/watch?v=7IXGs9fMtfw
April 2019 General Conference,https://www.youtube.com/watch?v=KWTBycNJDzc
April 2019 General Conference,https://www.youtube.com/watch?v=Spiz138Xcog
April 2019 General Conference,https://www.youtube.com/watch?v=cxPkFD7fnvo
April 2019 General Conference,https://www.youtube.com/watch?v=HFX2ULJviCg
April 2019 General Conference,https://www.youtube.com/watch?v=pxIzjkx4jMU
April 2019 General Conference,https://www.youtube.com/watch?v=iBkKdPR2A4A
April 2019 General Conference,https://www.youtube.com/watch?v=eJbU1sn9Ojk
April 2019 General Conference,https://www.youtube.com/watch?v=oELegkEJ72o
April 2019 General Conference,https://www.youtube.com/watch?v=A06KsA-BONg
April 2019 General Conference,https://www.youtube.com/watch?v=RWVjcNJFtGQ
April 2019 General Conference,https://www.youtube.com/watch?v=__-9MapYDGQ
April 2019 General Conference,https://www.youtube.com/watch?v=35t4czaLr-o
October 2018 General Conference,https://www.youtube.com/watch?v=sVtZVmveELI
October 2018 General Conference,https://www.youtube.com/watch?v=UDdMxLO-MbA
October 2018 General Conference,https://www.youtube.com/watch?v=9ffO-5yh7YQ
October 2018 General Conference,https://www.youtube.com/watch?v=gCFZiDs0lM0
October 2018 General Conference,https://www.youtube.com/watch?v=XM0ym6KN7og
October 2018 General Conference,https://www.youtube.com/watch?v=_8_vmu_da-s
October 2018 General Conference,https://www.youtube.com/watch?v=70zkGQtavHg
October 2018 General Conference,https://www.youtube.com/watch?v=N5Ky2ozQ1i4
October 2018 General Conference,https://www.youtube.com/watch?v=bkNi83mFtnE
October 2018 General Conference,https://www.youtube.com/watch?v=MWl73G8Jgyc
October 2018 General Conference,https://www.youtube.com/watch?v=x5RCW8LqgM0
October 2018 General Conference,https://www.youtube.com/watch?v=wSH_HlmHaCo
October 2018 General Conference,https://www.youtube.com/watch?v=BwkJNze3giY
October 2018 General Conference,https://www.youtube.com/watch?v=fygj5BUEnvU
October 2018 General Conference,https://www.youtube.com/watch?v=AkIYI0Yhi-Y
October 2018 General Conference,https://www.youtube.com/watch?v=vBohNauzMmo
October 2018 General Conference,https://www.youtube.com/watch?v=5EM4RjQmvkM
October 2018 General Conference,https://www.youtube.com/watch?v=IY6SA89FY1U
October 2018 General Conference,https://www.youtube.com/watch?v=Hv0QIubSXgA
October 2018 General Conference,https://www.youtube.com/watch?v=L70EPd4qFOQ
October 2018 General Conference,https://www.youtube.com/watch?v=jmXZhoyIVQ4
October 2018 General Conference,https://www.youtube.com/watch?v=DJmPyRznP3Y
October 2018 General Conference,https://www.youtube.com/watch?v=BwDSFhqJzao
October 2018 General Conference,https://www.youtube.com/watch?v=VKNg-p9RM50
October 2018 General Conference,https://www.youtube.com/watch?v=gVB-zDlY53I
October 2018 General Conference,https://www.youtube.com/watch?v=PFKFD60aNAs
October 2018 General Conference,https://www.youtube.com/watch?v=HCeij4E5aGo
October 2018 General Conference,https://www.youtube.com/watch?v=QeiF5HLCEGI
October 2018 General Conference,https://www.youtube.com/watch?v=iY30aXAWwCI
October 2018 General Conference,https://www.youtube.com/watch?v=XORXvaNSC4I
October 2018 General Conference,https://www.youtube.com/watch?v=Y5POt0J-Bxs
October 2018 General Conference,https://www.youtube.com/watch?v=_aSsN2vru1A
October 2018 General Conference,https://www.youtube.com/watch?v=5szLJcpBhcA
October 2018 General Conference,https://www.youtube.com/watch?v=NbI-QLE0zRs
October 2018 General Conference,https://www.youtube.com/watch?v=WsudyWmqEAI
October 2018 General Conference,https://www.youtube.com/watch?v=DXgX_tb9Mws
October 2018 General Conference,https://www.youtube.com/watch?v=phGYbLfHgws
October 2018 General Conference,https://www.youtube.com/watch?v=D7MWpJuujsE
October 2018 General Conference,https://www.youtube.com/watch?v=AYOLBJnpDKs
April 2018 General Conference,https://www.youtube.com/watch?v=R3t_llxrIGM
April 2018 General Conference,https://www.youtube.com/watch?v=B-Rt-WuSUbY
April 2018 General Conference,https://www.youtube.com/watch?v=fXtEJZZZNI0
April 2018 General Conference,https://www.youtube.com/watch?v=DPmsQehrXCg
April 2018 General Conference,https://www.youtube.com/watch?v=tWixil5yFPw
April 2018 General Conference,https://www.youtube.com/watch?v=cMPeUZrJpgA
April 2018 General Conference,https://www.youtube.com/watch?v=_vZWseT_oyQ
April 2018 General Conference,https://www.youtube.com/watch?v=tHqeepn_EDk
April 2018 General Conference,https://www.youtube.com/watch?v=LSSRHn0T_qU
April 2018 General Conference,https://www.youtube.com/watch?v=72Jf--rZUho
April 2018 General Conference,https://www.youtube.com/watch?v=x0khEKjZT8Y
April 2018 General Conference,https://www.youtube.com/watch?v=CrgEk2DWXUI
April 2018 General Conference,https://www.youtube.com/watch?v=Z3yF6uIu9sM
April 2018 General Conference,https://www.youtube.com/watch?v=NDluzKi_gdM
April 2018 General Conference,https://www.youtube.com/watch?v=LKGrY8gl8Ko
April 2018 General Conference,https://www.youtube.com/watch?v=r0gkqWYnayA
April 2018 General Conference,https://www.youtube.com/watch?v=ZHBFWnna5Tk
April 2018 General Conference,https://www.youtube.com/watch?v=-fswZc3GyBA
April 2018 General Conference,https://www.youtube.com/watch?v=JqJFF8MIqto
April 2018 General Conference,https://www.youtube.com/watch?v=wR4gLYL6_00
April 2018 General Conference,https://www.youtube.com/watch?v=EcpwQonesk8
April 2018 General Conference,https://www.youtube.com/watch?v=Eop4N3vlHTk
April 2018 General Conference,https://www.youtube.com/watch?v=04rAGfXGS4A
April 2018 General Conference,https://www.youtube.com/watch?v=TBoGm4bCesA
April 2018 General Conference,https://www.youtube.com/watch?v=WByHuTYV1yQ
April 2018 General Conference,https://www.youtube.com/watch?v=bKDKze_sMsA
April 2018 General Conference,https://www.youtube.com/watch?v=FJOgCyCvmlw
April 2018 General Conference,https://www.youtube.com/watch?v=ubmIzJSg-UY
April 2018 General Conference,https://www.youtube.com/watch?v=6C03ReP1pQ8
April 2018 General Conference,https://www.youtube.com/watch?v=8ed0pD0ZzYU
April 2018 General Conference,https://www.youtube.com/watch?v=6Gpi2muuc84
April 2018 General Conference,https://www.youtube.com/watch?v=J0fQ0ABgWKU
April 2018 General Conference,https://www.youtube.com/watch?v=a6iINV_p-8E
April 2018 General Conference,https://www.youtube.com/watch?v=MT90LK53kI4
April 2018 General Conference,https://www.youtube.com/watch?v=oIykF_d2ufU
April 2018 General Conference,https://www.youtube.com/watch?v=6PRwFQIpUu4
April 2018 General Conference,https://www.youtube.com/watch?v=BEhZ6AXzvaI
April 2018 General Conference,https://www.youtube.com/watch?v=BSypbb8Vk1U
April 2018 General Conference,https://www.youtube.com/watch?v=aXjUbBP8Jlo
April 2018 General Conference,https://www.youtube.com/watch?v=yLxBV4qzNfs
April 2018 General Conference,https://www.youtube.com/watch?v=vreIzfntOik
April 2018 General Conference,https://www.youtube.com/watch?v=E8uCpYkrppM
April 2018 General Conference,https://www.youtube.com/watch?v=cEmJhi3HOk4
